,Laser Power [W],Hatch Distance [mm],Scan Speed [mm/s],Average Interlayertemperature [°C],Duration [s]
Mean Permutation Importance (MPI),4.512978074784458,2.3725120933217934,0.5179680960981217,0.5061746992794152,-0.3594247998351016
MPI Standart Derivation,2.0199868026724723,1.9478136217800746,0.7623204833338602,0.6801532456355311,0.5025710188552578
