,Laser Power [W],Scan Speed [mm/s],Hatch Distance [mm],Duration [s],Average Interlayertemperature [°C]
Mean Permutation Importance (MPI),0.6274078491869263,0.014332799412430486,-0.000413795848783501,-0.7518461296344249,-0.8132237557810875
MPI Standart Derivation,1.11609218713425,0.6443328701815062,0.23992361589050085,0.32948050413654334,0.4359431564679617
