,Laser P [W],Scan [mm/s],Layer thickness [Mikrom.],Hatch distance [mm]
Laser P [W],0.0,0.4674029810863316,0.7023367468963464,0.6210668941669552
Scan [mm/s],0.4674029810863316,0.0,0.720677768640372,0.710547232128599
Layer thickness [Mikrom.],0.7023367468963464,0.720677768640372,0.0,0.3522715068113974
Hatch distance [mm],0.6210668941669552,0.710547232128599,0.3522715068113974,0.0
