,Laser Power [W],Scan Speed [mm/s],Layer Thickness [Microm.],Hatch Distance [mm]
Mean Permutation Importance (MPI),0.44419438348522394,0.4436262484745622,0.38431900674665304,0.33482778682199366
MPI Standart Derivation,0.05361566154199216,0.06708404804954984,0.05052836459180615,0.03352090937426897
