,Laser Power [W],Scan Speed [mm/s],Layer Thickness [Microm.],Hatch Distance [mm]
Mean Permutation Importance (MPI),0.4441841882230467,0.4436201402974643,0.38430549850183854,0.33483646403703715
MPI Standart Derivation,0.05361591037330869,0.06708508232393902,0.05052682551125219,0.03352183648070274
