,Duration [s],Average Interlayertemperature [°C],Laser Power [W],Scan Speed [mm/s],Hatch Distance [mm]
Mean Permutation Importance (MPI),3.430334580898274,1.2132518060896962,0.8245773892162221,0.36360546854229636,0.31896639395770043
MPI Standart Derivation,1.0028796794748571,1.1688948383773028,1.2407246804956065,0.5383985467283543,0.18154879933286694
