,Duration [s],Average Interlayertemperature [°C],Laser Power [W],Scan Speed [mm/s],Hatch Distance [mm]
Mean Permutation Importance (MPI),9.867593841881275,9.077279795312593,4.626021528946935,4.304660167663025,0.9449250553486035
MPI Standart Derivation,1.7912087417562457,1.8222007702278096,1.237973688145672,1.0087524225610829,0.44936205012471786
