,Randomstate,RMSE,MAPE,MSE,Training RMSE
0,86,0.19633442024040695,0.0014466953091632497,0.038547204571136716,1.2159725569644002
