,Randomstate,RMSE,MAPE,MSE,Training RMSE
0,4,7.769774904694752,0.03990599974370597,60.369402069624336,2.1865851825563816
